{
    "log_loss": 0.5809788684075472,
    "roc_auc": 0.7557560478249059,
    "brier_score": 0.1998867981965728,
    "accuracy": 0.6830621579065757
}