{
    "log_loss": 0.6248250906026179,
    "roc_auc": 0.6991722962807441,
    "brier_score": 0.21835970822825168,
    "accuracy": 0.6359751068456174
}