{
    "mae": 3.9668082097985886,
    "rmse": 4.8266190175803105,
    "mse": 23.29625114086792
}