{
    "mae": 2.3387514962927165,
    "rmse": 3.389030791409732,
    "mse": 11.485529705123275
}