{
    "mae": 2.0147104616953313,
    "rmse": 2.943529099742753,
    "mse": 8.664363561032381
}