{
    "log_loss": 0.60335076957264,
    "roc_auc": 0.7173093698982084,
    "brier_score": 0.21069789035722367,
    "accuracy": 0.6416323731138546
}