{
    "log_loss": 0.5796826861173144,
    "roc_auc": 0.7530396528899264,
    "brier_score": 0.20008583984284375,
    "accuracy": 0.677069044352995
}