{
    "mae": 3.6637635500465455,
    "rmse": 4.511939775375766,
    "mse": 20.357600536617923
}